Construct,Barcode,rbs1_1_A,rbs1_1_C,rbs1_1_G,rbs1_1_T,rbs1_2_A,rbs1_2_C,rbs1_2_G,rbs1_2_T,rbs1_3_A,rbs1_3_C,rbs1_3_G,rbs1_3_T,rbs2_1_A,rbs2_1_C,rbs2_1_G,rbs2_1_T,rbs2_2_A,rbs2_2_C,rbs2_2_G,rbs2_2_T,rbs2_3_A,rbs2_3_C,rbs2_3_G,rbs2_3_T,Group,ODind,ODhar,FC,rbs1,rbs2
RBS629,77DD32,0,0,1,0,0,0,1,0,0,0,1,0,0,0,1,0,0,0,1,0,0,0,1,0,Top,0.41,4.523,1.43798151590536,GGG,GGG
RBS678,77DD39,0,0,1,0,0,0,1,0,0,0,1,0,0,0,1,0,0,0,1,0,0,0,1,0,Top,0.359,2.678,1.27717473587175,GGG,GGG
RBS353,77DD18,0,0,1,0,0,0,1,0,0,1,0,0,0,0,1,0,0,0,1,0,0,0,1,0,Top,0.334,1.745,1.54514067563065,GGC,GGG
RBS403,77DD20,0,0,1,0,0,0,1,0,0,1,0,0,0,0,1,0,0,0,1,0,1,0,0,0,Top,0.39,2.166,1.67009788677283,GGC,GGA
RBS500,77DD24,0,0,1,0,0,0,1,0,0,1,0,0,0,0,1,0,0,0,1,0,0,1,0,0,Top,0.375,2.348,1.62123042552643,GGC,GGC
RBS671,77DD37,0,0,1,0,0,0,1,0,1,0,0,0,0,0,1,0,0,0,1,0,0,0,1,0,Top,0.399,1.567,1.43096258897584,GGA,GGG
RBS686,77DD40,0,0,1,0,0,0,1,0,1,0,0,0,0,0,1,0,0,0,1,0,0,0,1,0,Top,0.444,1.499,1.29475992144537,GGA,GGG
RBS636,77DD33,0,0,1,0,1,0,0,0,0,1,0,0,1,0,0,0,0,0,1,0,0,0,1,0,Top,0.336,2.767,1.4762176667918,GAC,AGG
RBS668,77DD36,0,0,1,0,1,0,0,0,0,1,0,0,1,0,0,0,0,0,1,0,0,0,1,0,Top,1.604,2.048,1.29451457451962,GAC,AGG
RBS487,77DD23,0,0,1,0,1,0,0,0,0,1,0,0,1,0,0,0,0,0,1,0,1,0,0,0,Top,0.352,2.541,1.44531328019159,GAC,AGA
RBS501,77DD25,0,0,1,0,1,0,0,0,1,0,0,0,0,0,1,0,0,0,1,0,0,0,1,0,Top,0.384,1.841,1.45107440440266,GAA,GGG
RBS570,77DD29,0,0,1,0,1,0,0,0,1,0,0,0,1,0,0,0,0,0,1,0,1,0,0,0,Top,0.442,1.134,1.90838315630111,GAA,AGA
RBS617,77DD31,1,0,0,0,0,0,1,0,0,0,1,0,0,0,1,0,0,0,1,0,1,0,0,0,Top,0.37,1.546,1.34069906326128,AGG,GGA
RBS575,77DD30,1,0,0,0,0,0,1,0,0,0,1,0,0,0,1,0,0,0,1,0,1,0,0,0,Top,0.422,1.602,1.81086361173105,AGG,GGA
RBS662,77DD35,1,0,0,0,0,0,1,0,0,1,0,0,0,0,1,0,0,0,1,0,0,0,1,0,Top,0.333,2.415,1.36932744065507,AGC,GGG
RBS541,77DD27,1,0,0,0,0,0,1,0,0,1,0,0,1,0,0,0,0,0,1,0,0,0,1,0,Top,0.411,2.45,1.55902582860855,AGC,AGG
RBS532,77DD26,1,0,0,0,0,0,1,0,0,1,0,0,1,0,0,0,0,0,1,0,0,0,1,0,Top,0.377,2.39,1.61021205107314,AGC,AGG
RBS543,77DD28,1,0,0,0,0,0,1,0,0,1,0,0,1,0,0,0,0,0,1,0,0,0,1,0,Top,0.343,2.561,1.61622048697612,AGC,AGG
RBS399,77DD19,1,0,0,0,0,0,1,0,0,1,0,0,1,0,0,0,0,0,1,0,1,0,0,0,Top,0.348,1.462,1.60352379024543,AGC,AGA
RBS477,77DD22,1,0,0,0,1,0,0,0,0,0,1,0,0,0,1,0,0,0,1,0,0,0,1,0,Top,0.422,1.495,1.47568939728669,AAG,GGG
RBS648,77DD34,1,0,0,0,1,0,0,0,0,1,0,0,0,0,1,0,0,0,1,0,1,0,0,0,Top,0.364,2.111,1.34847350764343,AAC,GGA
RBS457,77DD21,1,0,0,0,1,0,0,0,0,1,0,0,1,0,0,0,0,0,1,0,1,0,0,0,Top,0.381,2.609,1.65266131796877,AAC,AGA
RBS676,77DD38,1,0,0,0,1,0,0,0,1,0,0,0,0,0,1,0,0,0,1,0,0,0,1,0,Top,0.359,1.535,1.32931787287915,AAA,GGG
RBS347,77DD17,1,0,0,0,1,0,0,0,1,0,0,0,0,0,1,0,0,0,1,0,1,0,0,0,Top,0.464,2.305,1.65595592296435,AAA,GGA
RBS642,77DD44,1,0,0,0,1,0,0,0,1,0,0,0,1,0,0,0,0,1,0,0,1,0,0,0,Bottom,0.41,1.818,0.172643337001689,AAA,ACA
RBS494,77DD64,1,0,0,0,1,0,0,0,0,0,1,0,1,0,0,0,0,1,0,0,0,1,0,0,Bottom,0.379,1.927,0.237351964473343,AAG,ACC
RBS485,77DD59,1,0,0,0,0,0,1,0,0,1,0,0,0,0,1,0,0,1,0,0,0,1,0,0,Bottom,0.376,1.85,0.125869351716923,AGC,GCC
RBS483,77DD62,1,0,0,0,0,0,1,0,0,0,1,0,1,0,0,0,0,1,0,0,0,1,0,0,Bottom,0.443,1.759,0.178811907648822,AGG,ACC
RBS637,77DD48,1,0,0,0,0,0,1,0,0,0,1,0,1,0,0,0,0,1,0,0,0,1,0,0,Bottom,0.345,1.573,0.232569490888251,AGG,ACC
RBS588,77DD43,1,0,0,0,0,0,1,0,0,0,1,0,1,0,0,0,0,1,0,0,0,1,0,0,Bottom,0.364,1.845,0.282968006935762,AGG,ACC
RBS563,77DD42,0,0,1,0,1,0,0,0,1,0,0,0,0,0,1,0,0,1,0,0,0,1,0,0,Bottom,0.333,2.468,0.279792132074392,GAA,GCC
RBS489,77DD61,0,0,1,0,1,0,0,0,1,0,0,0,0,0,1,0,0,1,0,0,0,0,1,0,Bottom,0.403,1.72,0.174048112269448,GAA,GCG
RBS395,77DD53,0,0,1,0,1,0,0,0,0,1,0,0,1,0,0,0,0,1,0,0,0,0,1,0,Bottom,0.369,1.677,0.244768049391516,GAC,ACG
RBS618,77DD47,0,0,1,0,1,0,0,0,0,0,1,0,1,0,0,0,0,1,0,0,0,0,1,0,Bottom,0.354,1.803,0.220610218734731,GAG,ACG
RBS402,77DD56,0,0,1,0,0,0,1,0,1,0,0,0,1,0,0,0,0,1,0,0,0,1,0,0,Bottom,0.396,1.936,0.162017916669472,GGA,ACC
RBS621,77DD45,0,0,1,0,0,0,1,0,1,0,0,0,1,0,0,0,0,1,0,0,0,1,0,0,Bottom,0.424,1.876,0.180119104799435,GGA,ACC
RBS630,77DD49,0,0,1,0,0,0,1,0,1,0,0,0,0,0,1,0,0,1,0,0,0,0,1,0,Bottom,0.36,1.579,0.234715102385462,GGA,GCG
RBS495,77DD58,0,0,1,0,0,0,1,0,0,1,0,0,1,0,0,0,0,1,0,0,1,0,0,0,Bottom,0.354,1.825,0.092095994923237,GGC,ACA
RBS338,77DD50,0,0,1,0,0,0,1,0,0,1,0,0,1,0,0,0,0,0,1,0,0,1,0,0,Bottom,0.36,1.719,0.117739698380694,GGC,AGC
RBS544,77DD63,0,0,1,0,0,0,1,0,0,0,1,0,1,0,0,0,0,1,0,0,0,1,0,0,Bottom,0.366,1.405,0.228578045454484,GGG,ACC
RBS450,77DD57,0,0,1,0,0,0,1,0,0,0,1,0,1,0,0,0,0,1,0,0,0,1,0,0,Bottom,0.367,2.025,0.305350138509816,GGG,ACC
RBS679,77DD46,0,0,1,0,0,0,1,0,0,0,1,0,0,0,1,0,0,1,0,0,0,0,1,0,Bottom,0.338,2.35,0.184947896148943,GGG,GCG
RBS331,77DD84,1,0,0,0,1,0,0,0,1,0,0,0,1,0,0,0,0,0,1,0,1,0,0,0,Medium,0.434,3.96,1.21609768536335,AAA,AGA
RBS334,77DD85,1,0,0,0,0,0,1,0,0,1,0,0,0,0,1,0,0,0,1,0,1,0,0,0,Medium,0.429,1.828,1.42017784719372,AGC,GGA
RBS363,77DD87,1,0,0,0,1,0,0,0,0,0,1,0,1,0,0,0,0,1,0,0,0,1,0,0,Medium,0.343,1.701,0.410550864846971,AAG,ACC
RBS365,77DD88,0,0,1,0,1,0,0,0,0,1,0,0,0,0,1,0,0,1,0,0,0,0,1,0,Medium,0.376,1.767,0.412260415533045,GAC,GCG
RBS392,77DD89,1,0,0,0,1,0,0,0,1,0,0,0,1,0,0,0,0,1,0,0,1,0,0,0,Medium,0.492,2.126,0.535967054765936,AAA,ACA
RBS426,77DD90,1,0,0,0,1,0,0,0,1,0,0,0,1,0,0,0,0,1,0,0,1,0,0,0,Medium,0.373,3.12,1.22295324029624,AAA,ACA
RBS430,77DD91,0,0,1,0,1,0,0,0,1,0,0,0,0,0,1,0,0,1,0,0,0,1,0,0,Medium,0.411,1.94,0.882655325711609,GAA,GCC
RBS463,77DD92,0,0,1,0,0,0,1,0,0,0,1,0,0,0,1,0,0,1,0,0,0,0,1,0,Medium,0.353,1.379,1.22221326430601,GGG,GCG
RBS488,77DD95,0,0,1,0,1,0,0,0,0,0,1,0,1,0,0,0,0,1,0,0,0,0,1,0,Medium,0.388,1.575,0.393992096171796,GAG,ACG
RBS496,77DD96,1,0,0,0,0,0,1,0,0,0,1,0,0,0,1,0,0,1,0,0,1,0,0,0,Medium,0.372,2.267,0.629766109424076,AGG,GCA
RBS512,77DD97,1,0,0,0,1,0,0,0,0,1,0,0,0,0,1,0,0,1,0,0,0,0,1,0,Medium,0.376,1.922,0.49967241061493,AAC,GCG
RBS516,77DD98,0,0,1,0,1,0,0,0,0,0,1,0,1,0,0,0,0,1,0,0,0,0,1,0,Medium,0.338,2.269,0.64290001585232,GAG,ACG
RBS540,77DD99,0,0,1,0,0,0,1,0,0,0,1,0,0,0,1,0,0,0,1,0,0,1,0,0,Medium,0.369,2.348,0.984924758459429,GGG,GGC
RBS556,77DE00,0,0,1,0,0,0,1,0,0,1,0,0,1,0,0,0,0,0,1,0,0,0,1,0,Medium,0.359,1.21,1.03147403014648,GGC,AGG
RBS624,77DE02,0,0,1,0,0,0,1,0,0,0,1,0,1,0,0,0,0,0,1,0,0,1,0,0,Medium,0.414,2.65,0.807220940279075,GGG,AGC
RBS628,77DE03,1,0,0,0,1,0,0,0,1,0,0,0,1,0,0,0,0,0,1,0,0,0,1,0,Medium,0.354,2.022,1.01342675957641,AAA,AGG
RBS654,77DE05,1,0,0,0,0,0,1,0,0,0,1,0,1,0,0,0,0,0,1,0,0,0,1,0,Medium,0.36,2.15,0.762107789828965,AGG,AGG
RBS663,77DE06,1,0,0,0,1,0,0,0,0,0,1,0,0,0,1,0,0,0,1,0,0,1,0,0,Medium,0.326,2.239,1.10530437143465,AAG,GGC
